Longitude,Latitude,evapproxy,premin,premax,salmin,salmax,minairtemp,maxairtemp,minsst,maxsst,minsoilmoist,maxsoilmoist,stddev_elevdepth,Min_czcs,Max_czcs,runoffnew,Wave_heigh,Tideformproxy,ClusterIds
numeric,numeric,numeric,numeric,numeric,numeric,numeric,numeric,numeric,numeric,numeric,numeric,numeric,numeric,numeric,numeric,numeric,numeric,numeric,numeric
132.5,-10.5,11939.9,2.4,350.0,3423.0,3448.0,287.0,301.5,299953.0,302817.0,0.09,6.39,1872.04,0.2,0.51,167.0,1.0,6.0,2.0
142.5,-10.5,10951.2,8.0,350.0,3384.0,3487.0,290.0,301.2,298990.0,302280.0,1.6,0.0,396.521,0.49,0.8,0.0,2.0,4.5,2.0
130.5,-11.5,11933.3,3.0,450.0,3432.0,3483.0,289.0,301.0,300103.0,303326.0,0.0,1.0,1512.01,0.56,1.25,0.0,1.0,8.0,2.0
131.5,-11.5,12687.0,2.57,378.57,3427.0,3467.0,286.0,302.0,300053.0,303122.0,0.0,7.0,646.047,0.49,1.65,0.0,1.0,8.0,2.0
132.5,-11.5,11585.1,3.0,350.0,3418.0,3459.0,288.0,301.0,299936.0,302890.0,0.0,5.0,754.002,0.66,1.53,300.0,1.0,6.0,2.0
133.5,-11.5,11640.5,2.25,375.0,3392.0,3472.0,287.0,302.0,299746.0,302767.0,0.0,9.0,911.529,0.56,0.75,0.0,1.0,6.0,2.0
134.5,-11.5,11983.0,3.0,435.71,3386.0,3481.0,288.1,302.3,299697.0,302750.0,0.06,0.0,58.8134,0.6,0.82,0.0,1.0,6.0,2.0
135.5,-11.5,12830.5,3.71,435.71,3354.0,3483.0,288.9,302.4,299530.0,302733.0,0.0,0.0,733.104,0.61,0.82,0.0,1.0,6.0,2.0
136.5,-11.5,12696.5,3.0,450.0,3349.0,3480.0,289.0,302.0,299402.0,302775.0,0.0,9.0,731.905,0.64,0.97,0.0,1.0,4.5,2.0
141.5,-11.5,12730.1,6.33,350.0,3369.0,3467.0,289.9,301.4,299473.0,302847.0,2.0,0.0,2851.74,0.32,0.68,0.0,2.0,4.5,2.0
142.5,-11.5,11259.8,8.0,350.0,3378.0,3482.0,290.0,301.0,299099.0,302422.0,1.0,14.0,661.522,0.41,1.11,0.0,2.0,4.5,2.0
143.5,-11.5,11633.6,8.0,350.0,3400.0,3505.0,289.9,301.4,298653.0,301970.0,2.0,0.0,2646.32,0.31,0.5,0.0,2.0,4.5,2.0
130.5,-12.5,13357.9,2.77,411.54,3430.0,3485.0,285.7,302.0,300153.0,303427.0,0.06,0.0,677.418,0.85,1.54,0.0,1.0,8.0,2.0
131.5,-12.5,13281.3,3.0,350.0,3432.0,3483.0,285.0,302.0,300103.0,303326.0,0.0,10.0,1853.16,1.48,2.5,300.0,1.0,8.0,2.0
132.5,-12.5,12742.1,0.0,350.0,3415.0,3471.0,285.0,302.0,299951.0,303016.0,1.0,12.0,2345.57,-9999.0,2.43,300.0,1.0,6.0,2.0
134.5,-12.5,12336.9,3.0,450.0,3366.0,3480.0,288.0,303.0,299518.0,302771.0,0.0,13.0,1358.36,1.27,1.95,300.0,1.0,6.0,2.0
135.5,-12.5,12436.4,3.0,450.0,3341.0,3478.0,290.0,302.0,299227.0,302826.0,0.0,6.0,800.45,1.04,1.68,150.0,1.0,6.0,2.0
136.5,-12.5,13096.3,4.43,421.43,3317.0,3473.0,288.0,303.0,298886.0,302907.0,0.0,8.0,28.967,0.5,0.91,0.0,2.0,4.5,2.0
141.5,-12.5,13226.9,5.22,350.0,3346.0,3449.0,289.5,301.8,299713.0,303057.0,2.42,0.0,2734.71,0.63,0.86,0.0,2.0,4.5,2.0
142.5,-12.5,12100.6,8.0,350.0,3367.0,3475.0,290.0,302.0,299193.0,302556.0,4.0,13.0,1241.48,-9999.0,1.91,600.0,2.0,4.5,2.0
143.5,-12.5,12594.0,7.0,330.0,3386.0,3500.0,289.5,301.8,298600.0,301867.0,2.35,0.0,3427.91,0.3,0.47,0.0,2.0,4.5,2.0
125.5,-13.5,11875.9,0.0,335.71,3465.0,3484.0,284.1,302.8,300083.0,302460.0,0.0,2.9,2496.7,0.29,0.71,82.0,1.0,8.0,2.0
126.5,-13.5,12040.1,0.0,350.0,3473.0,3491.0,284.3,303.3,300147.0,302677.0,0.0,0.0,1625.46,0.42,1.25,0.0,1.0,10.0,2.0
127.5,-13.5,11986.5,0.0,350.0,3479.0,3498.0,284.0,303.3,300147.0,302860.0,0.0,2.6,4411.86,0.27,0.85,138.0,1.0,10.0,2.0
129.5,-13.5,13803.7,1.33,438.89,3449.0,3506.0,282.6,303.1,300003.0,303327.0,0.0,0.0,1996.64,0.28,1.17,0.0,1.0,10.0,2.0
130.5,-13.5,12587.3,3.0,450.0,3444.0,3497.0,283.0,303.0,300051.0,303361.0,0.0,9.0,2988.15,0.69,2.21,0.0,1.0,10.0,2.0
135.5,-13.5,13342.3,8.0,350.0,3308.0,3471.0,289.0,303.0,298652.0,302973.0,0.0,8.0,2015.0,-9999.0,-9999.0,150.0,2.0,4.5,2.0
136.5,-13.5,13467.4,5.22,361.11,3292.0,3466.0,288.4,302.9,298593.0,302970.0,0.0,0.0,492.279,0.51,0.66,0.0,2.0,4.5,2.0
141.5,-13.5,14095.0,3.0,350.0,3340.0,3453.0,289.0,302.0,299713.0,303057.0,2.0,11.0,2948.66,0.93,1.3,0.0,2.0,4.5,2.0
143.5,-13.5,13287.5,5.22,283.33,3368.0,3490.0,289.0,302.0,298846.0,302295.0,2.0,13.0,2927.28,0.39,0.59,0.0,2.0,4.5,2.0
125.5,-14.5,12835.6,0.0,350.0,3469.0,3488.0,285.0,302.0,300109.0,302571.0,0.0,3.0,1675.19,0.51,0.99,0.0,1.0,8.0,2.0
126.5,-14.5,11237.9,0.0,350.0,3475.0,3493.0,284.0,304.0,300092.0,302728.0,0.0,6.0,3082.77,1.0,2.12,300.0,1.0,10.0,2.0
127.5,-14.5,11774.5,0.0,350.0,3479.0,3502.0,284.0,303.0,300007.0,302951.0,0.0,4.0,3657.67,0.35,2.08,300.0,1.0,10.0,2.0
128.5,-14.5,12056.1,0.0,376.67,3492.0,3513.0,282.0,303.8,299783.0,303203.0,0.0,0.0,2656.75,1.09,3.39,0.0,1.0,10.0,2.0
129.5,-14.5,13763.8,0.0,450.0,3468.0,3507.0,283.0,303.0,299936.0,303245.0,0.0,6.0,1607.98,1.3,3.83,150.0,1.0,10.0,2.0
135.5,-14.5,13022.4,3.0,350.0,3295.0,3472.0,287.0,303.0,298205.0,303100.0,0.0,8.0,44.7804,0.87,1.13,75.0,2.0,4.5,2.0
136.5,-14.5,13552.6,3.83,300.0,3288.0,3471.0,287.1,303.3,298123.0,303127.0,0.0,0.0,142.438,0.61,0.81,0.0,2.0,4.5,2.0
141.5,-14.5,14931.8,3.0,350.0,3328.0,3465.0,288.0,302.0,299170.0,303320.0,1.0,11.0,3496.37,1.06,1.45,0.0,2.0,4.5,2.0
143.5,-14.5,14454.1,3.0,250.0,3336.0,3494.0,289.0,302.0,298625.0,302636.0,2.0,13.0,2824.52,0.27,2.66,300.0,2.0,4.5,2.0
144.5,-14.5,13036.8,8.0,250.0,3330.0,3531.0,290.0,301.0,298051.0,302093.0,0.0,6.0,2315.61,0.38,1.19,300.0,2.0,4.5,2.0
145.5,-14.5,11771.2,18.33,250.0,3338.0,3537.0,289.5,301.1,298047.0,302103.0,0.68,5.13,4383.28,0.12,0.29,210.0,2.0,4.5,2.0
124.5,-15.5,12493.2,3.0,250.0,3466.0,3486.0,285.0,302.0,299923.0,302160.0,0.0,3.0,1504.43,0.6,1.1,0.0,1.0,8.0,2.0
125.5,-15.5,8103.65,0.0,250.0,3469.0,3487.0,281.0,304.0,300111.0,302556.0,0.0,7.0,3672.19,0.2,2.2,300.0,1.0,8.0,2.0
128.5,-15.5,11446.9,0.0,350.0,3484.0,3510.0,280.0,305.0,299866.0,303172.0,0.0,6.0,3253.56,-9999.0,11.37,300.0,1.0,10.0,2.0
129.5,-15.5,11681.4,0.0,350.0,3478.0,3511.0,279.0,305.0,299856.0,303244.0,0.0,8.0,3019.06,-9999.0,1.97,150.0,1.0,10.0,2.0
135.5,-15.5,12618.3,3.0,250.0,3300.0,3475.0,285.0,305.0,298137.0,303122.0,0.0,10.0,1214.0,0.41,1.69,75.0,2.0,4.5,2.0
136.5,-15.5,12739.2,3.0,250.0,3304.0,3476.0,287.0,303.0,298123.0,303127.0,0.0,5.0,45.6672,0.82,1.03,75.0,2.0,4.5,2.0
137.5,-15.5,11843.8,3.0,250.0,3314.0,3483.0,285.4,303.7,297853.0,303217.0,0.0,0.0,56.5254,0.35,0.72,0.0,2.0,4.5,2.0
141.5,-15.5,13909.8,3.0,250.0,3319.0,3473.0,286.0,303.0,298393.0,303463.0,1.0,9.0,2016.49,1.22,1.79,0.0,2.0,4.5,2.0
145.5,-15.5,8935.54,55.86,235.71,3292.0,3531.0,288.4,300.5,297840.0,302163.0,0.85,0.0,3447.69,0.17,0.41,0.0,2.0,4.5,2.0
122.5,-16.5,14091.0,0.38,162.5,3467.0,3488.0,280.9,305.0,299763.0,301860.0,0.0,0.0,4169.77,0.5,1.02,0.0,1.0,8.0,5.0
123.5,-16.5,13086.4,1.5,200.0,3467.0,3488.0,281.0,305.0,299763.0,301860.0,0.0,4.0,792.547,0.9,1.72,0.0,1.0,8.0,5.0
124.5,-16.5,10489.2,3.0,250.0,3467.0,3488.0,282.0,303.0,299763.0,301860.0,0.0,4.0,3075.27,0.49,1.85,25.0,1.0,8.0,5.0
137.5,-16.5,11431.4,3.0,250.0,3315.0,3484.0,284.0,304.0,297739.0,303359.0,0.0,6.0,1963.89,0.39,1.32,25.0,2.0,4.5,5.0
138.5,-16.5,11251.8,3.0,250.0,3326.0,3492.0,281.6,304.5,297357.0,303663.0,0.0,0.0,55.5558,0.72,1.54,0.0,2.0,4.5,5.0
139.5,-16.5,11374.1,2.25,225.0,3316.0,3485.0,280.0,305.0,297516.0,303636.0,0.0,7.0,573.146,0.75,2.16,0.0,2.0,4.5,5.0
140.5,-16.5,12046.9,2.0,216.67,3308.0,3480.0,281.5,304.4,297460.0,303697.0,0.4,0.0,1560.65,0.87,2.75,0.0,2.0,4.5,5.0
141.5,-16.5,12387.0,3.0,250.0,3315.0,3477.0,283.0,304.0,297955.0,303578.0,1.0,8.0,1441.41,1.86,3.37,0.0,2.0,4.5,5.0
145.5,-16.5,8837.52,75.0,250.0,3311.0,3533.0,288.0,300.0,297679.0,302145.0,1.0,8.0,3279.0,0.18,0.58,600.0,2.0,4.5,5.0
122.5,-17.5,13007.0,0.0,150.0,3476.0,3502.0,282.0,305.0,299415.0,301881.0,0.0,3.0,3167.52,0.83,1.3,0.0,1.0,8.0,5.0
123.5,-17.5,12502.6,0.0,150.0,3474.0,3500.0,280.0,306.0,299465.0,301878.0,0.0,4.0,1555.49,-9999.0,-9999.0,25.0,1.0,8.0,5.0
139.5,-17.5,11425.4,3.0,250.0,3316.0,3485.0,280.0,305.0,297434.0,303688.0,0.0,5.0,41.6402,1.08,2.73,25.0,2.0,4.5,5.0
140.5,-17.5,11573.5,0.0,150.0,3314.0,3484.0,280.0,305.0,297460.0,303697.0,0.0,4.0,40.2619,1.22,3.33,25.0,2.0,4.5,5.0
145.5,-17.5,5339.44,75.0,150.0,3324.0,3534.0,287.0,300.0,297380.0,302140.0,1.0,9.0,4016.32,-9999.0,0.16,600.0,2.0,4.5,5.0
146.5,-17.5,6295.1,66.86,178.57,3321.0,3538.0,286.7,300.5,297397.0,302130.0,0.9,0.0,3850.59,0.17,0.35,0.0,2.0,4.5,5.0
121.5,-18.5,12431.2,0.0,150.0,3493.0,3529.0,277.6,307.3,298720.0,301923.0,0.0,0.0,3481.27,0.42,0.65,0.0,1.0,6.0,5.0
122.5,-18.5,10899.4,0.0,150.0,3490.0,3524.0,277.0,308.0,298862.0,301914.0,0.0,4.0,3618.4,0.73,1.86,25.0,1.0,8.0,5.0
146.5,-18.5,7125.38,32.25,150.0,3347.0,3529.0,284.5,301.4,297117.0,302147.0,0.77,0.0,1504.85,0.28,0.5,0.0,3.0,4.5,5.0
119.5,-19.5,9879.24,0.0,85.71,3502.0,3536.0,277.4,309.1,298350.0,302033.0,0.0,1.11,622.136,0.44,1.44,16.0,1.0,6.0,5.0
120.5,-19.5,11587.8,0.0,125.0,3507.0,3545.0,276.3,308.5,298443.0,301940.0,0.0,0.0,2598.02,0.41,1.93,0.0,1.0,6.0,5.0
121.5,-19.5,11347.8,0.0,150.0,3500.0,3537.0,276.0,308.0,298556.0,301943.0,0.0,4.0,2184.66,0.59,2.19,25.0,1.0,6.0,5.0
146.5,-19.5,8058.16,18.0,150.0,3366.0,3533.0,283.0,302.0,297051.0,302078.0,1.0,12.0,3704.3,0.13,0.92,150.0,3.0,4.5,5.0
147.5,-19.5,9780.0,18.0,150.0,3435.0,3539.0,285.0,302.0,296655.0,301865.0,0.0,8.0,2212.72,0.09,0.67,600.0,3.0,4.5,5.0
148.5,-19.5,7634.8,18.0,150.0,3489.0,3542.0,283.9,302.4,296440.0,301750.0,0.56,0.0,1919.59,0.15,0.33,0.0,3.0,4.5,5.0
115.5,-20.5,9406.88,0.0,50.33,3499.0,3510.0,279.0,308.4,297400.0,301593.0,0.0,0.0,2814.96,0.62,1.63,0.0,1.0,6.0,3.0
116.5,-20.5,10196.8,0.0,64.43,3493.0,3510.0,278.1,309.1,297650.0,301727.0,0.0,0.0,1999.53,0.69,2.13,0.0,1.0,6.0,3.0
117.5,-20.5,10215.1,0.0,75.0,3494.0,3518.0,278.1,308.8,297743.0,301707.0,0.0,0.0,1979.76,0.57,1.71,0.0,1.0,6.0,3.0
118.5,-20.5,9752.7,0.0,75.0,3497.0,3524.0,279.0,308.0,297958.0,301817.0,0.0,1.0,1780.56,1.28,3.33,25.0,1.0,6.0,3.0
119.5,-20.5,9021.66,0.0,75.0,3502.0,3536.0,277.0,310.0,298290.0,301960.0,0.0,2.0,2668.34,2.0,3.26,25.0,1.0,6.0,3.0
148.5,-20.5,8109.8,18.0,150.0,3497.0,3545.0,283.0,303.0,295925.0,301539.0,1.0,12.0,2835.64,0.28,0.65,0.0,3.0,6.0,3.0
149.5,-20.5,6997.81,38.0,75.0,3503.0,3547.0,283.0,302.5,295830.0,301473.0,0.76,0.0,1519.13,0.29,0.63,0.0,3.0,6.0,3.0
113.5,-21.5,10064.4,0.0,38.0,3506.0,3513.0,280.7,306.7,296720.0,300517.0,0.0,1.58,5386.75,0.11,0.22,25.0,2.0,6.0,3.0
114.5,-21.5,9495.06,0.0,42.11,3503.0,3512.0,280.1,307.3,296907.0,300937.0,0.0,1.53,3538.58,1.01,1.89,20.0,2.0,6.0,3.0
115.5,-21.5,9793.3,0.0,38.0,3500.0,3509.0,280.0,308.0,297400.0,301593.0,0.0,2.0,2257.18,2.25,4.97,25.0,1.0,6.0,3.0
116.5,-21.5,5756.09,0.0,75.0,3497.0,3511.0,277.0,310.0,297492.0,301601.0,0.0,2.0,3723.66,3.53,7.8,25.0,1.0,6.0,3.0
149.5,-21.5,7259.07,38.0,75.0,3503.0,3546.0,283.5,302.0,295087.0,301247.0,0.77,0.0,1911.22,0.46,0.86,0.0,3.0,6.0,3.0
113.5,-22.5,9887.49,0.6,34.0,3515.0,3523.0,281.4,305.6,296280.0,299937.0,0.0,1.83,4636.16,0.19,0.42,20.0,2.0,6.0,3.0
114.5,-22.5,9780.6,0.0,38.0,3508.0,3516.0,281.0,306.0,296654.0,300498.0,0.0,2.0,1782.49,3.49,5.5,25.0,2.0,6.0,3.0
149.5,-22.5,7010.4,38.0,75.0,3507.0,3548.0,283.0,302.0,295204.0,301241.0,1.0,11.0,3338.16,0.26,2.36,75.0,3.0,8.0,3.0
150.5,-22.5,8198.12,38.0,75.0,3514.0,3550.0,285.0,301.0,295178.0,301150.0,0.0,6.0,2148.78,0.53,1.0,75.0,3.0,8.0,3.0
113.5,-23.5,10287.3,2.0,24.67,3517.0,3526.0,282.0,304.3,295783.0,299187.0,0.0,1.59,3381.66,0.22,0.55,7.0,2.0,4.5,3.0
150.5,-23.5,7187.04,38.0,75.0,3522.0,3552.0,282.0,302.0,295076.0,300957.0,1.0,12.0,3161.28,0.18,1.43,75.0,3.0,8.0,3.0
151.5,-23.5,6725.16,38.0,75.0,3529.0,3556.0,282.2,301.0,295007.0,300923.0,0.9,0.0,828.834,0.26,0.58,0.0,3.0,8.0,3.0
113.5,-24.5,9993.02,3.0,18.0,3520.0,3530.0,283.0,302.0,295629.0,298930.0,0.0,1.0,1472.01,0.38,1.03,0.0,2.0,4.5,0.0
151.5,-24.5,6610.02,38.0,75.0,3516.0,3546.0,281.0,300.0,295241.0,300781.0,1.0,12.0,3684.82,0.22,0.48,150.0,3.0,6.0,0.0
152.5,-24.5,6858.4,56.5,75.0,3509.0,3539.0,281.0,300.2,295410.0,300840.0,1.45,0.0,2584.79,0.18,0.32,0.0,3.0,6.0,0.0
153.5,-24.5,7952.94,62.67,75.0,3512.0,3542.0,281.0,300.0,295510.0,300503.0,1.67,2.97,4742.39,0.15,0.22,38.0,3.0,6.0,0.0
112.5,-25.5,9353.08,3.0,18.0,3528.0,3542.0,280.6,305.9,294997.0,297913.0,0.0,2.02,4688.95,0.16,0.34,3.0,3.0,4.5,0.0
113.5,-25.5,8868.72,3.0,22.0,3527.0,3542.0,280.0,306.0,294988.0,297975.0,0.0,2.0,598.606,1.27,1.96,0.0,1.0,4.5,0.0
114.5,-25.5,8426.16,3.0,18.0,3525.0,3541.0,279.0,309.0,294980.0,298027.0,0.0,3.0,2518.97,4.18,6.39,25.0,1.0,4.5,0.0
152.5,-25.5,8029.92,75.0,75.0,3500.0,3535.0,281.0,300.0,295276.0,300411.0,2.0,13.0,2714.14,0.33,0.65,150.0,3.0,6.0,0.0
153.5,-25.5,7137.48,75.0,75.0,3495.0,3533.0,280.6,299.8,295230.0,300123.0,1.86,0.0,3044.81,0.21,0.3,0.0,3.0,6.0,0.0
113.5,-26.5,8698.77,3.0,31.33,3529.0,3551.0,280.0,307.0,294437.0,297311.0,0.0,3.0,2206.4,0.33,0.82,0.0,3.0,3.0,0.0
114.5,-26.5,7468.0,3.0,38.0,3529.0,3551.0,279.0,309.0,294397.0,297268.0,0.0,3.0,2879.5,-9999.0,4.57,25.0,1.0,3.0,0.0
153.5,-26.5,6088.29,75.0,133.33,3471.0,3517.0,279.9,299.1,294977.0,299833.0,1.86,0.0,3478.83,0.17,0.27,0.0,3.0,6.0,0.0
113.5,-27.5,7571.72,4.25,47.25,3530.0,3555.0,280.3,305.9,294157.0,297010.0,0.0,0.0,2768.62,0.2,0.56,0.0,3.0,3.0,0.0
114.5,-27.5,6959.96,3.0,38.0,3532.0,3556.0,281.0,305.0,293991.0,296854.0,0.0,2.0,3711.34,0.29,1.03,0.0,3.0,3.0,0.0
153.5,-27.5,5780.18,75.0,250.0,3482.0,3524.0,279.0,299.0,294874.0,299721.0,2.0,14.0,3136.38,0.15,0.28,0.0,3.0,6.0,0.0
114.5,-28.5,6274.5,8.0,75.0,3537.0,3559.0,281.0,301.0,293519.0,296380.0,0.0,1.0,3326.84,0.22,0.82,0.0,3.0,3.0,0.0
153.5,-28.5,5095.3,75.0,250.0,3510.0,3538.0,281.0,298.0,294183.0,298969.0,1.0,9.0,3558.64,0.13,0.32,600.0,3.0,4.5,0.0
114.5,-29.5,4980.0,5.86,69.71,3539.0,3560.0,281.0,301.3,293327.0,296230.0,0.0,0.0,2819.23,0.16,0.47,0.0,3.0,3.0,0.0
153.5,-29.5,4806.4,75.0,250.0,3514.0,3540.0,280.6,298.0,294103.0,298870.0,1.17,0.0,3276.18,0.26,0.4,0.0,3.0,4.5,0.0
114.5,-30.5,4986.42,3.71,96.43,3546.0,3563.0,281.0,300.4,293013.0,295720.0,0.0,2.12,4599.5,0.12,0.31,0.0,3.0,3.0,1.0
115.5,-30.5,4646.46,3.0,75.0,3549.0,3564.0,281.0,301.0,292882.0,295451.0,0.0,4.0,3657.21,0.25,0.86,0.0,3.0,3.0,1.0
153.5,-30.5,4614.72,75.0,183.33,3534.0,3551.0,279.7,297.3,293707.0,298503.0,1.0,5.31,4694.56,0.18,0.31,107.0,3.0,4.5,1.0
115.5,-31.5,6332.56,3.0,150.0,3554.0,3566.0,281.0,299.0,292643.0,295050.0,0.0,4.0,2811.73,0.16,0.61,0.0,3.0,3.0,1.0
128.5,-31.5,5021.36,8.0,38.0,3580.0,3613.0,277.0,301.0,289145.0,292298.0,0.0,2.0,3049.1,-9999.0,-9999.0,25.0,4.0,3.0,1.0
129.5,-31.5,5052.64,8.0,38.0,3580.0,3613.0,278.0,301.0,289117.0,292288.0,0.0,2.0,1913.06,0.25,0.65,25.0,4.0,3.0,1.0
130.5,-31.5,5233.92,8.0,38.0,3584.0,3613.0,278.0,301.0,289232.0,292330.0,0.0,2.0,712.04,0.25,0.86,25.0,4.0,3.0,1.0
131.5,-31.5,5330.4,8.0,18.0,3590.0,3613.0,278.0,302.0,289353.0,292338.0,0.0,2.0,2379.61,0.23,1.27,25.0,4.0,3.0,1.0
132.5,-31.5,4688.72,8.0,18.0,3590.0,3613.0,277.0,302.0,289350.0,292331.0,0.0,3.0,3029.04,-9999.0,-9999.0,25.0,4.0,3.0,1.0
152.5,-31.5,5181.6,75.0,150.0,3543.0,3558.0,279.0,297.0,293516.0,298293.0,1.0,11.0,3579.78,0.31,0.51,75.0,3.0,3.0,1.0
153.5,-31.5,4897.8,75.0,150.0,3553.0,3565.0,278.7,297.0,293303.0,298073.0,1.0,10.51,5235.95,0.13,0.27,43.0,3.0,3.0,1.0
115.5,-32.5,6210.27,6.5,142.5,3559.0,3566.0,281.1,296.8,292430.0,294423.0,0.52,0.0,2635.11,0.17,0.59,0.0,3.0,2.0,1.0
124.5,-32.5,5272.65,18.0,38.0,3561.0,3592.0,276.0,301.0,289265.0,291887.0,0.0,3.0,3611.34,0.23,0.62,25.0,4.0,3.0,1.0
125.5,-32.5,4977.25,18.0,38.0,3573.0,3606.0,278.0,298.0,289300.0,292206.0,0.0,1.0,2277.89,0.19,0.6,25.0,4.0,3.0,1.0
126.5,-32.5,5132.16,18.0,38.0,3579.0,3613.0,277.6,298.9,289333.0,292363.0,0.0,0.0,1078.38,0.17,0.63,0.0,4.0,3.0,1.0
127.5,-32.5,5172.3,11.33,38.0,3580.0,3613.0,277.3,300.2,289167.0,292307.0,0.0,0.0,1090.78,0.17,0.75,0.0,4.0,3.0,1.0
128.5,-32.5,4988.7,8.0,38.0,3580.0,3613.0,277.3,301.0,289097.0,292280.0,0.0,0.0,733.225,0.19,0.66,0.0,4.0,3.0,1.0
132.5,-32.5,4603.2,9.43,20.86,3588.0,3612.0,277.3,302.0,289367.0,292380.0,0.0,1.79,1255.3,0.17,0.59,16.0,4.0,3.0,1.0
133.5,-32.5,3938.4,14.67,31.33,3595.0,3616.0,277.0,302.4,289317.0,292233.0,0.0,0.0,393.811,0.27,1.17,0.0,4.0,3.0,1.0
134.5,-32.5,3769.2,18.0,38.0,3588.0,3609.0,277.0,303.0,289213.0,292045.0,0.0,5.0,2750.0,0.63,2.55,25.0,3.0,3.0,1.0
137.5,-32.5,4011.6,18.0,38.0,3618.0,3648.0,275.0,303.0,288087.0,290700.0,0.0,6.0,2992.65,0.21,3.9,25.0,3.0,4.5,1.0
151.5,-32.5,5115.6,75.0,75.0,3553.0,3560.0,278.0,297.0,292362.0,296914.0,1.0,15.0,3687.71,-9999.0,-9999.0,300.0,3.0,4.0,1.0
152.5,-32.5,5289.18,75.0,120.0,3549.0,3560.0,278.0,297.0,293017.0,297705.0,1.0,13.0,4144.1,0.32,0.49,0.0,3.0,4.0,1.0
115.5,-33.5,4624.23,8.0,150.0,3565.0,3569.0,281.0,295.0,292430.0,294423.0,1.0,5.0,2548.24,0.28,0.92,0.0,3.0,2.0,1.0
119.5,-33.5,3556.8,18.0,38.0,3536.0,3574.0,277.0,299.0,289763.0,292053.0,1.0,6.0,4005.79,-9999.0,-9999.0,25.0,5.0,2.0,1.0
120.5,-33.5,4958.94,18.0,75.0,3535.0,3576.0,277.0,300.0,289651.0,291978.0,1.0,6.0,3544.59,-9999.0,-9999.0,25.0,5.0,2.0,1.0
121.5,-33.5,5277.8,18.0,38.0,3540.0,3580.0,277.0,300.0,289312.0,291736.0,1.0,6.0,3076.82,0.16,0.52,25.0,5.0,2.0,1.0
122.5,-33.5,4536.87,18.0,75.0,3545.0,3583.0,277.0,299.0,289176.0,291656.0,1.0,5.0,3675.64,0.25,0.61,25.0,5.0,3.0,1.0
123.5,-33.5,5594.41,18.0,59.14,3551.0,3584.0,277.0,300.0,289169.0,291683.0,0.0,4.0,3360.47,0.21,0.91,0.0,4.0,3.0,1.0
124.5,-33.5,5202.12,18.0,43.29,3559.0,3589.0,276.8,299.9,289300.0,291840.0,0.09,0.0,1655.44,0.2,0.54,0.0,4.0,3.0,1.0
134.5,-33.5,3877.56,14.36,44.73,3581.0,3601.0,277.4,300.5,289070.0,291773.0,0.0,0.0,1965.49,0.21,1.0,0.0,3.0,3.0,1.0
135.5,-33.5,3626.0,8.0,38.0,3590.0,3613.0,277.0,301.0,288580.0,291212.0,0.0,5.0,2501.75,0.34,0.98,25.0,3.0,4.5,1.0
136.5,-33.5,3988.14,18.0,38.0,3603.0,3628.0,277.0,300.0,288146.0,290725.0,0.0,4.0,3657.81,0.33,0.7,25.0,3.0,4.5,1.0
137.5,-33.5,4789.8,18.0,38.0,3620.0,3650.0,277.0,300.0,288087.0,290700.0,0.0,5.0,2062.8,1.92,2.57,25.0,3.0,4.5,1.0
138.5,-33.5,1747.8,18.0,38.0,3614.0,3642.0,275.0,302.0,288074.0,290666.0,0.0,6.0,3874.94,4.06,5.63,25.0,3.0,4.5,1.0
151.5,-33.5,4696.56,75.0,150.0,3553.0,3556.0,279.0,296.0,291610.0,295987.0,1.0,11.0,3882.27,0.19,0.46,300.0,3.0,4.0,1.0
115.5,-34.5,4346.76,18.0,150.0,3564.0,3567.0,282.0,292.0,290567.0,292873.0,0.0,3.0,2705.56,0.2,0.75,0.0,3.0,2.0,1.0
116.5,-34.5,3686.43,18.0,150.0,3560.0,3568.0,280.0,295.0,290434.0,292689.0,2.0,7.0,3740.65,-9999.0,-9999.0,25.0,5.0,2.0,1.0
118.5,-34.5,3936.52,8.0,38.0,3545.0,3572.0,279.0,296.0,289605.0,291927.0,1.0,6.0,3051.3,0.11,0.39,25.0,5.0,2.0,1.0
119.5,-34.5,4081.7,14.0,45.4,3534.0,3574.0,277.8,298.1,289820.0,292100.0,1.0,0.0,3472.23,0.12,0.29,0.0,5.0,2.0,1.0
122.5,-34.5,5015.64,18.0,62.67,3539.0,3582.0,277.0,299.5,289230.0,291673.0,0.77,4.67,3976.76,0.13,0.34,19.0,5.0,3.0,1.0
123.5,-34.5,5255.36,18.0,75.0,3550.0,3581.0,277.0,299.8,289007.0,291530.0,0.37,3.46,3935.51,0.16,0.37,6.0,4.0,3.0,1.0
135.5,-34.5,4428.0,18.0,75.0,3587.0,3608.0,279.0,295.0,288154.0,290646.0,0.0,3.0,1778.5,0.21,0.86,0.0,3.0,4.5,1.0
136.5,-34.5,4451.78,16.95,51.63,3608.0,3635.0,277.8,298.4,288087.0,290700.0,0.0,0.0,1479.09,0.27,0.78,0.0,3.0,4.5,1.0
137.5,-34.5,4673.34,18.0,38.0,3595.0,3618.0,278.0,298.0,287984.0,290499.0,0.0,5.0,1948.42,0.65,1.24,25.0,3.0,4.5,1.0
138.5,-34.5,3695.12,18.0,75.0,3593.0,3614.0,276.0,300.0,287931.0,290416.0,0.0,6.0,2990.38,0.55,1.31,25.0,3.0,4.5,1.0
150.5,-34.5,3582.08,75.0,75.0,3554.0,3558.0,277.0,297.0,291419.0,295647.0,1.0,15.0,3679.85,0.2,0.4,300.0,3.0,4.0,1.0
151.5,-34.5,4024.68,75.0,108.33,3553.0,3556.0,277.6,296.5,291610.0,295987.0,1.0,13.34,5246.04,0.17,0.36,245.0,3.0,4.0,1.0
172.5,-34.5,4504.92,75.0,150.0,3553.0,3564.0,282.0,292.0,289670.0,293557.0,0.0,0.0,4305.32,0.36,0.59,0.0,3.0,6.0,1.0
116.5,-35.5,3856.28,18.0,150.0,3559.0,3568.0,280.7,294.3,289597.0,291907.0,1.26,5.63,4642.13,0.11,0.31,17.0,5.0,2.0,1.0
117.5,-35.5,4106.88,13.0,94.0,3555.0,3570.0,279.5,294.9,289433.0,291803.0,1.25,5.07,4398.3,0.12,0.57,25.0,5.0,2.0,1.0
118.5,-35.5,4053.7,8.0,38.0,3547.0,3572.0,279.0,296.3,289477.0,291820.0,1.14,4.53,4872.01,0.1,0.3,17.0,5.0,2.0,1.0
135.5,-35.5,4511.23,16.33,68.83,3574.0,3593.0,278.7,296.5,288067.0,290337.0,0.0,0.0,4859.83,0.11,0.45,0.0,3.0,4.5,1.0
136.5,-35.5,4883.94,18.0,62.67,3573.0,3589.0,278.4,296.9,287877.0,290397.0,0.0,1.92,2735.81,0.21,0.71,7.0,3.0,4.5,1.0
137.5,-35.5,4913.18,18.0,75.0,3587.0,3606.0,279.0,294.0,287993.0,290460.0,0.0,3.0,1215.42,0.46,1.38,25.0,3.0,4.5,1.0
138.5,-35.5,4227.5,18.0,57.73,3578.0,3596.0,277.0,299.0,287787.0,290175.0,0.0,6.0,2112.57,0.5,1.27,0.0,3.0,4.5,1.0
139.5,-35.5,4488.51,18.0,38.0,3567.0,3583.0,277.0,299.0,287586.0,289839.0,0.0,7.0,1142.36,0.43,1.3,25.0,3.0,4.5,1.0
150.5,-35.5,2407.02,62.67,75.0,3555.0,3561.0,276.0,296.0,290824.0,294620.0,1.0,14.0,4158.21,0.2,0.49,0.0,3.0,4.0,1.0
173.5,-35.5,4473.92,75.0,150.0,3550.0,3560.0,282.0,292.0,289743.0,293643.0,0.0,3.0,3004.33,0.31,1.24,0.0,3.0,6.0,1.0
174.5,-35.5,4934.08,75.0,150.0,3553.0,3561.0,281.0,292.0,289287.0,293367.0,0.55,0.0,3440.5,0.31,0.85,0.0,2.0,6.0,1.0
136.5,-36.5,4914.9,18.0,75.0,3561.0,3573.0,279.0,295.8,287547.0,289850.0,0.0,0.0,4810.74,0.15,0.37,0.0,3.0,4.5,1.0
137.5,-36.5,4905.87,18.0,67.6,3565.0,3577.0,278.3,296.7,287623.0,289903.0,0.0,0.0,2830.75,0.17,0.58,0.0,3.0,4.5,1.0
139.5,-36.5,4382.92,18.0,50.33,3568.0,3583.0,277.5,297.2,287557.0,289770.0,0.0,0.0,1469.33,0.33,1.07,0.0,3.0,4.5,1.0
149.5,-36.5,2170.08,38.0,75.0,3555.0,3563.0,275.0,294.0,290411.0,293930.0,1.0,14.0,3952.68,0.2,0.46,300.0,3.0,6.0,1.0
150.5,-36.5,2414.77,43.29,75.0,3557.0,3564.0,276.1,294.5,290657.0,294287.0,0.83,12.8,4849.29,0.18,0.43,191.0,3.0,4.0,1.0
173.5,-36.5,4586.56,75.0,150.0,3542.0,3554.0,281.0,292.0,288487.0,292803.0,0.55,3.17,5099.78,0.29,1.33,0.0,3.0,6.0,1.0
174.5,-36.5,4857.92,75.0,150.0,3542.0,3553.0,280.0,292.0,288857.0,292992.0,1.0,7.0,1636.24,0.83,3.1,0.0,3.0,8.0,1.0
175.5,-36.5,5834.22,75.0,150.0,3545.0,3556.0,279.0,292.0,289060.0,293137.0,0.91,0.0,2490.88,0.91,1.82,0.0,2.0,6.0,1.0
139.5,-37.5,4232.06,18.0,67.6,3547.0,3564.0,278.6,294.2,287263.0,289443.0,0.0,3.14,4126.96,0.28,0.7,14.0,3.0,4.5,1.0
140.5,-37.5,4190.62,18.0,75.0,3547.0,3562.0,279.0,292.0,287297.0,289304.0,0.0,6.0,1506.95,0.75,1.95,25.0,3.0,3.0,1.0
144.5,-37.5,3045.24,75.0,75.0,3543.0,3550.0,275.0,296.0,286409.0,289446.0,1.0,16.0,3844.85,-9999.0,-9999.0,25.0,3.0,4.0,1.0
145.5,-37.5,707.04,75.0,150.0,3544.0,3552.0,275.0,295.0,286324.0,289807.0,1.0,16.0,4078.98,-9999.0,-9999.0,150.0,3.0,6.0,1.0
147.5,-37.5,2552.1,38.0,75.0,3548.0,3559.0,276.0,293.0,286730.0,290442.0,1.0,11.0,3714.62,-9999.0,-9999.0,600.0,3.0,6.0,1.0
148.5,-37.5,3250.24,38.0,75.0,3550.0,3560.0,276.0,292.0,287974.0,291543.0,1.0,10.0,3546.07,-9999.0,-9999.0,600.0,3.0,6.0,1.0
149.5,-37.5,3746.16,38.0,75.0,3552.0,3562.0,278.0,292.0,289520.0,292951.0,0.0,8.0,3721.52,0.22,0.6,300.0,3.0,6.0,1.0
150.5,-37.5,3420.0,38.0,75.0,3552.0,3562.0,276.8,293.0,289920.0,293217.0,0.5,10.5,5244.44,0.19,0.48,300.0,3.0,6.0,1.0
174.5,-37.5,3517.28,75.0,150.0,3531.0,3542.0,278.8,291.7,288317.0,292547.0,0.92,0.0,4277.86,0.52,2.54,0.0,3.0,8.0,1.0
175.5,-37.5,3271.0,75.0,150.0,3537.0,3548.0,278.0,292.0,288774.0,292877.0,1.0,11.0,2531.18,2.0,2.94,1200.0,3.0,8.0,1.0
176.5,-37.5,3371.76,75.0,150.0,3539.0,3551.0,277.7,291.9,289247.0,293227.0,1.0,7.03,4030.19,0.34,1.19,840.0,2.0,8.0,1.0
177.5,-37.5,3540.9,75.0,150.0,3541.0,3555.0,278.0,292.0,289183.0,293247.0,1.0,6.65,4843.54,0.29,0.92,750.0,2.0,6.0,1.0
178.5,-37.5,3556.56,75.0,150.0,3543.0,3556.0,278.0,292.0,288650.0,293003.0,1.0,2.94,4736.75,0.23,0.76,400.0,3.0,6.0,1.0
140.5,-38.5,4038.12,22.0,75.0,3539.0,3554.0,278.8,292.0,287210.0,289090.0,0.0,3.47,4902.34,0.21,0.54,19.0,3.0,3.0,4.0
141.5,-38.5,3530.88,32.29,75.0,3542.0,3555.0,278.1,292.0,287283.0,289080.0,0.0,0.0,3799.5,0.19,0.62,0.0,3.0,3.0,4.0
142.5,-38.5,2882.52,38.0,75.0,3544.0,3555.0,278.0,292.0,287283.0,289080.0,0.0,10.0,2447.97,0.15,0.89,75.0,3.0,3.0,4.0
143.5,-38.5,2989.61,38.0,75.0,3540.0,3548.0,277.0,292.0,286691.0,289175.0,0.0,10.0,3540.44,0.21,1.07,300.0,3.0,3.0,4.0
144.5,-38.5,2996.86,63.44,84.38,3547.0,3553.0,276.4,293.3,286193.0,289693.0,0.63,0.0,1457.11,0.19,0.88,0.0,3.0,3.0,4.0
145.5,-38.5,3915.34,75.0,75.0,3539.0,3547.0,277.0,292.0,286352.0,289624.0,1.0,10.0,2388.47,0.17,1.11,300.0,3.0,3.0,4.0
146.5,-38.5,3888.33,75.0,75.0,3541.0,3551.0,278.0,291.0,286546.0,290089.0,0.0,7.0,2865.48,0.26,1.76,300.0,3.0,6.0,4.0
147.5,-38.5,3214.8,54.82,75.0,3554.0,3564.0,276.8,292.0,286657.0,290533.0,0.64,0.0,1043.0,0.21,1.03,0.0,3.0,6.0,4.0
174.5,-38.5,3372.03,75.0,150.0,3516.0,3527.0,277.3,291.0,287873.0,291963.0,1.0,0.0,4617.44,0.4,2.25,0.0,3.0,8.0,4.0
177.5,-38.5,3257.8,75.0,150.0,3536.0,3550.0,278.0,292.0,288404.0,292638.0,1.0,10.0,3870.65,0.76,2.01,1200.0,3.0,6.0,4.0
178.5,-38.5,3284.55,75.0,150.0,3541.0,3558.0,278.0,292.0,288087.0,292577.0,1.0,0.0,4838.9,0.27,1.13,0.0,3.0,6.0,4.0
143.5,-39.5,3031.95,38.0,75.0,3534.0,3540.0,277.3,292.4,286743.0,288830.0,0.21,0.0,3218.23,0.22,0.62,0.0,3.0,3.0,4.0
144.5,-39.5,3600.26,60.2,75.0,3535.0,3542.0,276.6,292.3,286307.0,289247.0,0.56,3.9,647.172,0.3,0.78,61.0,3.0,3.0,4.0
146.5,-39.5,3115.18,75.0,75.0,3537.0,3547.0,277.4,290.8,286333.0,289927.0,0.64,0.0,963.006,0.15,0.68,0.0,3.0,4.5,4.0
147.5,-39.5,3104.92,56.5,75.0,3540.0,3552.0,277.2,290.3,286690.0,290287.0,0.76,0.0,1104.35,0.3,0.99,0.0,3.0,4.5,4.0
148.5,-39.5,3687.36,38.0,75.0,3542.0,3555.0,276.8,290.1,287540.0,290700.0,0.8,0.0,3375.67,0.38,0.82,0.0,3.0,4.5,4.0
173.5,-39.5,4173.84,75.0,150.0,3496.0,3505.0,276.8,289.8,287563.0,291480.0,1.0,0.0,3817.31,0.28,1.02,0.0,3.0,8.0,4.0
174.5,-39.5,4071.5,75.0,150.0,3502.0,3510.0,277.0,290.0,287478.0,291358.0,1.0,11.0,3531.95,0.49,2.01,0.0,3.0,8.0,4.0
175.5,-39.5,2950.29,75.0,150.0,3509.0,3518.0,276.0,291.0,287521.0,291485.0,1.0,16.0,4068.6,-9999.0,-9999.0,1200.0,3.0,8.0,4.0
176.5,-39.5,2920.86,75.0,150.0,3520.0,3532.0,276.0,292.0,287671.0,291805.0,1.0,16.0,3836.57,-9999.0,-9999.0,1200.0,3.0,6.0,4.0
177.5,-39.5,3062.34,68.27,150.0,3527.0,3539.0,276.9,291.7,287630.0,291857.0,1.0,0.0,4281.37,0.26,0.86,0.0,3.0,6.0,4.0
144.5,-40.5,3620.05,150.0,150.0,3524.0,3532.0,277.0,289.1,286173.0,288717.0,0.85,0.0,966.938,0.62,1.12,0.0,3.0,3.0,4.0
145.5,-40.5,1739.7,121.88,134.38,3525.0,3536.0,276.6,288.6,286290.0,289320.0,0.92,0.0,1872.66,0.27,0.89,0.0,3.0,3.0,4.0
146.5,-40.5,981.53,83.44,91.67,3527.0,3540.0,276.7,288.5,286453.0,289743.0,0.92,4.41,2472.89,0.15,0.65,396.0,3.0,4.5,4.0
147.5,-40.5,767.76,48.57,75.0,3529.0,3543.0,276.7,288.5,286753.0,290110.0,0.94,0.0,2420.62,0.31,1.07,0.0,3.0,4.5,4.0
148.5,-40.5,774.9,38.0,75.0,3532.0,3546.0,277.0,289.0,286963.0,290144.0,1.0,10.0,2900.67,0.62,0.9,0.0,3.0,4.5,4.0
172.5,-40.5,3830.4,125.0,150.0,3494.0,3502.0,276.3,288.2,287137.0,291157.0,1.1,0.0,4074.77,0.54,0.82,0.0,3.0,6.0,4.0
173.5,-40.5,3454.11,90.0,150.0,3492.0,3500.0,276.7,288.9,287373.0,291093.0,0.93,0.0,2551.22,0.81,1.01,0.0,3.0,8.0,4.0
174.5,-40.5,3502.07,72.53,150.0,3494.0,3499.0,277.0,290.1,287213.0,290800.0,0.89,0.0,3892.85,0.55,1.05,0.0,3.0,8.0,4.0
175.5,-40.5,2861.25,75.0,150.0,3500.0,3508.0,277.0,291.0,287038.0,290943.0,1.0,12.0,3347.4,0.37,1.19,0.0,3.0,6.0,4.0
176.5,-40.5,2982.46,38.0,150.0,3513.0,3523.0,277.0,291.0,287250.0,291410.0,1.0,11.0,4163.69,0.31,0.83,600.0,3.0,6.0,4.0
144.5,-41.5,1597.32,139.29,167.86,3510.0,3520.0,276.6,287.7,285783.0,287883.0,1.0,5.22,4342.61,0.16,0.84,462.0,3.0,3.0,4.0
145.5,-41.5,303.88,150.0,150.0,3520.0,3531.0,277.0,288.0,286110.0,288834.0,1.0,10.0,3988.47,0.3,0.78,1200.0,3.0,3.0,4.0
146.5,-41.5,303.08,75.0,75.0,3522.0,3535.0,276.0,288.0,286346.0,289288.0,1.0,12.0,3725.34,0.26,1.01,1200.0,3.0,4.5,4.0
147.5,-41.5,603.33,38.0,75.0,3523.0,3538.0,277.0,288.0,286674.0,289618.0,1.0,9.0,3822.23,0.41,1.53,1200.0,3.0,4.5,4.0
148.5,-41.5,1089.66,43.29,75.0,3524.0,3540.0,276.7,288.4,287123.0,289897.0,1.0,7.05,4386.69,0.42,0.71,514.0,3.0,4.5,4.0
171.5,-41.5,2847.22,135.0,230.0,3495.0,3504.0,274.9,287.9,286123.0,290800.0,1.47,10.7,4467.95,0.78,1.14,200.0,4.0,6.0,4.0
172.5,-41.5,2009.26,150.0,150.0,3489.0,3498.0,276.0,288.0,286542.0,290715.0,1.0,12.0,4040.72,1.52,2.29,0.0,4.0,6.0,4.0
173.5,-41.5,3453.95,75.0,150.0,3487.0,3495.0,277.0,288.0,286592.0,290489.0,1.0,8.0,3728.83,1.2,1.62,1200.0,3.0,6.0,4.0
174.5,-41.5,3506.88,80.36,150.0,3488.0,3494.0,277.1,289.3,286443.0,290147.0,0.74,5.89,4156.99,0.93,1.37,480.0,3.0,8.0,4.0
175.5,-41.5,3038.31,75.0,150.0,3493.0,3501.0,278.0,290.0,286595.0,290490.0,0.0,4.0,4487.35,0.44,1.04,600.0,3.0,6.0,4.0
176.5,-41.5,2973.1,61.55,150.0,3496.0,3508.0,277.3,290.7,286610.0,290657.0,0.66,8.42,5310.65,0.28,0.87,545.0,3.0,6.0,4.0
145.5,-42.5,1070.81,150.0,250.0,3501.0,3517.0,276.0,287.0,285586.0,287790.0,1.0,10.0,3552.42,0.35,2.75,0.0,3.0,3.0,4.0
147.5,-42.5,1759.78,38.0,75.0,3506.0,3524.0,276.0,288.0,286211.0,288517.0,1.0,11.0,3702.07,0.45,1.02,600.0,3.0,4.5,4.0
148.5,-42.5,1490.24,38.0,75.0,3512.0,3530.0,276.4,288.0,286660.0,289020.0,0.91,7.65,4732.49,0.31,0.74,533.0,3.0,4.5,4.0
170.5,-42.5,2125.0,126.18,288.64,3478.0,3495.0,273.1,287.5,285983.0,290640.0,1.87,13.73,5045.0,0.85,1.28,1200.0,4.0,6.0,4.0
171.5,-42.5,1951.74,150.0,350.0,3477.0,3491.0,274.0,288.0,285637.0,290256.0,2.0,15.0,4075.14,1.74,2.71,0.0,4.0,6.0,4.0
173.5,-42.5,2361.15,75.0,150.0,3474.0,3483.0,276.0,288.0,285459.0,289608.0,1.0,10.0,4357.23,0.67,1.96,1200.0,3.0,6.0,4.0
174.5,-42.5,2917.5,75.0,150.0,3476.0,3485.0,276.8,288.6,285287.0,289370.0,0.81,7.67,5336.96,0.55,1.61,933.0,3.0,6.0,4.0
145.5,-43.5,737.7,116.67,194.44,3482.0,3504.0,276.6,287.2,285037.0,286880.0,0.62,8.31,4915.53,0.44,1.46,600.0,3.0,3.0,4.0
146.5,-43.5,731.17,75.0,150.0,3489.0,3510.0,277.0,287.0,285450.0,287338.0,0.0,7.0,4024.49,0.79,1.85,1200.0,3.0,3.0,4.0
147.5,-43.5,1280.96,54.44,108.33,3490.0,3511.0,276.6,287.5,285503.0,287320.0,0.62,0.0,4059.24,0.37,1.04,0.0,3.0,4.5,4.0
148.5,-43.5,1853.06,50.33,100.0,3497.0,3514.0,276.3,287.7,285920.0,287893.0,0.74,4.64,5414.22,0.26,0.68,343.0,3.0,4.5,4.0
168.5,-43.5,2051.75,230.0,350.0,3431.0,3472.0,273.8,285.4,285887.0,290103.0,1.52,12.42,5247.26,0.53,0.77,2400.0,4.0,6.0,4.0
169.5,-43.5,1989.9,139.0,266.67,3463.0,3490.0,272.9,286.5,286010.0,290477.0,1.81,12.47,4631.91,0.68,1.13,2000.0,4.0,6.0,4.0
170.5,-43.5,1736.16,150.0,350.0,3459.0,3480.0,273.0,287.0,285148.0,289747.0,2.0,14.0,3936.67,1.52,2.3,2400.0,4.0,6.0,4.0
171.5,-43.5,2590.67,75.0,150.0,3449.0,3465.0,272.0,288.0,283894.0,288616.0,2.0,17.0,3995.22,-9999.0,-9999.0,1200.0,3.0,6.0,4.0
172.5,-43.5,3244.96,75.0,150.0,3450.0,3463.0,274.0,288.0,283846.0,288471.0,1.0,13.0,2815.2,0.91,2.18,1200.0,3.0,6.0,4.0
173.5,-43.5,2765.7,75.0,150.0,3448.0,3459.0,274.9,288.0,283840.0,288420.0,1.16,11.18,3427.93,0.38,1.65,1200.0,3.0,6.0,4.0
167.5,-44.5,2967.72,250.0,300.0,3406.0,3462.0,273.5,285.1,285340.0,289367.0,2.09,13.55,4909.1,0.71,1.15,2400.0,5.0,6.0,4.0
168.5,-44.5,1965.04,250.0,350.0,3426.0,3470.0,274.0,285.0,285413.0,289512.0,1.0,11.0,4047.77,1.02,1.64,2400.0,4.0,6.0,4.0
170.5,-44.5,1998.1,38.0,75.0,3438.0,3458.0,272.0,286.0,283489.0,288116.0,2.0,14.0,4072.75,-9999.0,-9999.0,1200.0,4.0,6.0,4.0
171.5,-44.5,2480.8,75.2,160.0,3425.0,3441.0,272.7,287.1,282247.0,287120.0,1.87,0.0,4384.69,0.6,1.69,0.0,3.0,6.0,4.0
166.5,-45.5,5498.48,250.0,250.0,3412.0,3467.0,273.0,285.1,284310.0,287943.0,2.71,13.13,4658.72,1.05,2.59,2400.0,5.0,6.0,4.0
167.5,-45.5,3094.4,250.0,250.0,3418.0,3462.0,273.0,285.0,284053.0,287680.0,3.0,16.0,3970.3,2.03,2.77,2400.0,5.0,6.0,4.0
170.5,-45.5,2086.25,38.0,75.0,3430.0,3446.0,273.0,286.0,282328.0,286833.0,2.0,9.0,3616.17,1.12,2.35,1200.0,4.0,6.0,4.0
171.5,-45.5,2331.45,43.29,85.71,3426.0,3442.0,272.6,286.5,282017.0,286703.0,1.91,8.25,5328.62,0.44,1.28,764.0,3.0,6.0,4.0
166.5,-46.5,5146.96,191.67,216.67,3428.0,3465.0,273.3,285.3,283597.0,286957.0,3.0,9.2,5024.19,0.77,2.9,1200.0,5.0,6.0,4.0
167.5,-46.5,4858.36,152.78,194.44,3417.0,3456.0,273.7,285.5,283020.0,286440.0,2.73,10.06,4279.99,1.03,3.46,1154.0,4.0,6.0,4.0
168.5,-46.5,3406.22,75.0,150.0,3428.0,3456.0,274.0,286.0,282968.0,286420.0,3.0,14.0,2827.57,1.54,4.01,1200.0,4.0,6.0,4.0
169.5,-46.5,2593.76,75.0,150.0,3431.0,3448.0,275.0,286.0,282251.0,286082.0,2.0,10.0,3863.73,0.25,1.7,600.0,4.0,6.0,4.0
170.5,-46.5,2160.75,56.5,112.5,3429.0,3444.0,273.8,286.0,281943.0,286090.0,2.1,9.63,4907.89,0.35,1.05,960.0,4.0,6.0,4.0
167.5,-47.5,4883.5,133.33,183.33,3437.0,3456.0,273.7,285.7,282820.0,285937.0,2.79,0.0,4268.57,0.55,2.39,0.0,4.0,6.0,4.0
168.5,-47.5,4237.64,75.0,150.0,3441.0,3453.0,274.3,285.9,282347.0,285697.0,2.71,8.22,4696.11,0.32,1.56,600.0,4.0,6.0,4.0
